{
  "_comment": "Generated by examples/generate_fixture.rs — do not modify manually. Ground truth from Rust vDSP pipeline.",
  "sample_rate": 16000,
  "n_frames": 98,
  "n_mfcc": 13,
  "freq_hz": 440,
  "mfcc": [[-214.44048,21.663403,94.70755,-38.881348,6.484545,-32.093594,-26.22175,-15.474386,-28.484938,2.2840044,-11.519907,9.637067,6.604827],[-210.3088,19.259207,95.34683,-33.811886,5.441612,-32.129993,-26.545153,-13.039779,-26.918484,-0.2192905,-8.879802,10.414923,5.7005577],[-209.58221,18.63734,95.40689,-31.70221,6.1117873,-33.623646,-26.88572,-11.160818,-26.697983,-0.9336114,-8.611415,10.798357,6.231243],[-205.16986,17.429865,92.2068,-31.33242,6.1424365,-33.386784,-27.655006,-11.390751,-26.614977,-2.1755633,-7.7767563,10.626587,5.0486956],[-197.6824,13.334211,88.51606,-29.413116,2.7859783,-31.706427,-29.042017,-12.948495,-25.675201,-4.855748,-6.629342,9.544649,3.9100246],[-197.56873,13.542866,88.132416,-28.950733,3.4698997,-32.816402,-28.418697,-12.406627,-26.559116,-3.8059647,-6.9921947,8.964245,5.1452665],[-198.90204,13.745686,91.01893,-27.072363,2.792961,-31.973473,-27.444042,-12.489541,-25.03504,-3.3719907,-6.9112654,10.071279,5.1757736],[-199.52856,13.22971,92.49428,-25.67515,2.700749,-32.51898,-28.295774,-10.308055,-24.472368,-5.341434,-5.5723934,10.690013,4.5461745],[-186.32066,7.65871,85.87117,-18.843817,-1.0987055,-33.2979,-24.484526,-14.215895,-25.784729,-1.3646388,-8.366521,9.324663,8.08748],[-184.42902,7.1882596,82.443504,-20.004885,-0.58123547,-34.323708,-25.407534,-14.672753,-26.213104,-2.775342,-8.621427,9.52809,6.5030117],[-185.07753,7.193072,83.590385,-20.389725,-1.2857888,-33.020702,-25.774492,-15.206212,-25.39717,-2.8019896,-8.561103,9.173618,6.5867405],[-185.73332,7.6570344,85.186676,-18.292017,-0.2703395,-33.89089,-25.055763,-13.584886,-25.029543,-2.4404933,-8.140514,10.1844845,7.1086926],[-186.74062,7.576163,86.509544,-17.116436,-0.54768354,-34.242756,-24.557981,-13.3821745,-24.748781,-2.0549264,-8.093046,10.178157,7.118207],[-185.58054,7.7553673,84.889336,-18.78201,0.010953069,-33.650833,-25.383251,-13.775769,-25.214195,-1.8460302,-8.122797,8.922804,7.659618],[-185.39386,7.2725673,83.59598,-20.696222,-1.4485762,-33.09928,-25.480978,-15.441606,-25.85268,-2.4468956,-8.73006,8.963768,6.78787],[-183.53775,6.6983423,82.532936,-19.368744,-1.1793962,-33.787746,-25.15287,-15.301735,-25.909313,-1.9024172,-9.18536,8.734172,7.852535],[-186.06989,7.979008,85.179,-18.673738,-0.18555045,-33.61236,-24.609083,-14.745173,-25.088833,-0.5654579,-9.316269,8.924207,8.632973],[-180.88542,4.7350745,84.23315,-13.113051,-2.9004793,-34.439598,-22.430622,-15.239774,-25.204746,-0.40970302,-8.3950405,8.9997,8.102289],[-172.68982,1.5580353,80.18803,-11.043064,-4.4909215,-32.438732,-24.20762,-16.580936,-22.63254,-2.8558292,-8.472628,9.618248,7.5229044],[-175.77338,2.6032336,80.05584,-14.889814,-4.444921,-32.2807,-25.72112,-16.58031,-22.766394,-5.321038,-8.476649,10.915276,4.7501926],[-174.8982,2.3021214,79.95349,-14.770125,-4.184547,-31.54681,-26.582045,-16.659655,-22.261345,-4.842198,-8.567323,10.032816,5.8912425],[-177.00554,3.0199883,82.72799,-13.130707,-3.912136,-32.041504,-25.577803,-15.023267,-21.848309,-5.2820826,-7.6449046,11.790007,5.3110423],[-176.2923,2.6542482,82.77586,-11.648711,-3.2691145,-32.61101,-25.95961,-14.373351,-21.09342,-4.8377295,-8.389497,11.422061,6.8414946],[-175.06625,2.8313375,81.28786,-13.216739,-3.780756,-31.376617,-25.312529,-16.486994,-21.954597,-3.6505446,-8.055481,10.072538,6.0618334],[-176.61932,2.8192291,80.72274,-15.525448,-4.3757777,-31.90627,-26.388508,-15.97718,-22.605007,-6.2613335,-7.968865,11.550913,4.1174235],[-174.4442,1.7937939,80.25931,-14.260487,-5.373479,-30.957794,-25.729187,-17.82945,-22.41512,-3.7088118,-8.88082,8.981192,6.775009],[-177.0141,3.0721135,82.597145,-12.874862,-4.174943,-32.25614,-24.695738,-15.895965,-21.945171,-4.040574,-8.704538,11.211846,6.463423],[-175.82254,2.3076959,82.86572,-11.367028,-4.026436,-31.952557,-25.50969,-15.504612,-21.038128,-3.8244474,-8.41814,10.206162,7.128587],[-173.97713,2.3300364,80.594864,-12.406953,-3.300071,-32.13575,-25.870922,-15.62242,-21.820168,-3.8222108,-8.384729,9.664171,7.0688257],[-175.2887,2.3141012,79.86884,-14.45378,-4.6216707,-32.512432,-25.160988,-16.988811,-23.565327,-3.5474806,-8.970962,9.057694,6.778635],[-174.78777,2.3028286,79.90469,-14.80614,-4.323841,-31.393358,-26.02259,-17.474653,-22.747776,-3.133978,-9.388999,8.862107,7.503453],[-177.16649,3.006112,82.82006,-12.879735,-4.227711,-32.318275,-24.868965,-15.438103,-22.117126,-4.4302917,-8.285123,11.345576,6.186866],[-175.28488,2.5568235,82.20021,-11.787781,-3.3702137,-31.80863,-25.416555,-15.94849,-21.68744,-2.481736,-8.584633,9.198034,7.8171754],[-174.05817,2.2497914,80.79713,-12.245084,-3.7814703,-32.03563,-25.561398,-15.758508,-21.535378,-4.578173,-8.423564,11.053672,6.3372664],[-173.25757,1.6080335,78.76388,-13.539606,-4.5167284,-32.609154,-25.652248,-16.604235,-22.93029,-4.8383417,-8.675089,10.222645,5.871352],[-174.11977,1.5796996,80.23978,-14.116481,-5.347327,-31.067558,-26.1762,-17.08989,-22.181969,-4.653183,-8.918316,9.852767,6.865083],[-160.6397,-1.3113313,73.49514,-8.633213,-3.0998774,-29.925709,-26.504616,-17.824371,-21.044065,-3.4016032,-8.268643,9.535658,9.436637],[-156.8919,-2.551849,71.14017,-5.388153,-1.1329653,-31.57698,-27.818378,-17.564667,-19.0032,-1.6347475,-10.2462,8.04216,10.279325],[-159.66367,-1.2216237,71.77491,-8.227721,-1.3489641,-31.103718,-27.40675,-18.33492,-20.1323,-1.1191878,-9.77725,7.0835533,8.860781],[-159.60094,-2.182457,70.52392,-8.864534,-2.7665358,-32.29102,-27.150957,-18.638712,-21.602472,-1.8480726,-10.114731,6.600623,8.576886],[-159.93652,-1.7767081,70.34918,-8.971776,-1.6473544,-32.66891,-27.745037,-18.297604,-21.122398,-1.5693462,-10.961821,7.00219,9.658524],[-158.59808,-1.7913632,71.40182,-7.1701717,-1.391001,-31.660727,-27.1613,-17.566439,-20.834667,-1.6005822,-8.848576,7.239422,9.008843],[-161.71655,-0.2987921,72.84014,-8.042436,0.4365619,-31.996012,-28.008974,-17.284851,-19.821915,-0.31142336,-10.241445,6.859725,9.86329],[-158.74985,-1.9047694,71.59802,-7.356027,-1.5500307,-31.818737,-27.368084,-16.885656,-21.352787,-1.8899491,-8.242316,6.5630355,8.988103],[-159.16853,-1.7976077,69.73451,-9.229327,-2.0467958,-32.363384,-26.892815,-19.180927,-21.87475,-0.8847505,-10.827623,6.8675995,9.005038],[-159.30399,-2.0634453,70.418816,-8.98783,-2.319957,-31.860283,-27.63287,-18.695509,-21.017485,-2.0445457,-10.475513,7.6013646,8.9180975],[-157.92868,-2.0276434,70.75639,-6.8734,-0.45386195,-31.897884,-28.26859,-17.164803,-20.420235,-1.7049975,-8.634464,6.915484,8.646146],[-160.352,-1.1219555,72.70431,-7.214313,-0.7395955,-31.314278,-27.551895,-18.032734,-19.576801,-0.6588606,-9.907553,7.5036716,9.13099],[-159.15985,-1.2037891,71.21051,-8.020217,-0.9933999,-31.777695,-26.815472,-17.955881,-21.326647,-0.5605191,-9.508155,6.816053,9.298714],[-159.77603,-1.3706458,69.92562,-10.092093,-1.236824,-32.139416,-28.328959,-18.07708,-21.123016,-2.4158351,-10.358228,7.3226876,8.46379],[-159.44347,-1.6572138,70.24738,-9.7213125,-1.7593253,-31.456945,-28.054394,-18.810564,-21.114616,-1.663135,-10.030773,6.5867753,8.745354],[-158.8503,-1.6226213,70.84156,-6.7390633,-0.35826612,-32.671597,-27.441929,-17.618738,-20.419853,-1.0259583,-9.560439,7.365568,8.703956],[-160.02277,-1.4882199,72.318565,-6.1399937,-0.60256547,-32.450336,-27.307335,-17.584476,-19.589632,-0.82592946,-10.149739,7.800491,9.228172],[-158.16446,-1.4649956,70.820496,-8.1523695,-0.84146893,-30.99305,-27.862162,-17.706415,-20.569422,-1.8410499,-8.796506,7.1509624,8.789356],[-160.42497,-1.5735804,70.758835,-9.741548,-2.31779,-32.25032,-27.363533,-18.302279,-21.645111,-1.9373822,-10.362919,6.6779823,8.892793],[-158.60214,-2.1723173,69.78089,-8.510597,-2.0725296,-32.63258,-27.307938,-18.174232,-21.455523,-1.9881622,-10.442159,7.06866,9.291488],[-159.39775,-1.5758919,71.60845,-7.1402464,-0.9315229,-32.403286,-27.355686,-17.065073,-20.814705,-1.3467834,-9.281606,6.9884863,9.348469],[-160.99622,-0.78046095,